{"cameraMode":{"drawMode":0,"name":"Shaded","section":"Shading Mode"},"sceneLighting":true,"audioPlay":false,"sceneViewState":{"showFog":true,"showMaterialUpdate":false,"showSkybox":true,"showFlares":true,"showImageEffects":true,"showParticleSystems":true},"in2DMode":false,"pivot":{"x":-3.8677804470062258,"y":18.96795654296875,"z":9.633726119995118},"rotation":{"x":0.6257229447364807,"y":-0.15254203975200654,"z":0.12651468813419343,"w":0.7544506192207336},"size":18.59039878845215,"orthographic":false}