{"cameraMode":{"drawMode":0,"name":"Shaded","section":"Shading Mode"},"sceneLighting":true,"audioPlay":false,"sceneViewState":{"showFog":true,"showMaterialUpdate":false,"showSkybox":true,"showFlares":true,"showImageEffects":true,"showParticleSystems":true},"in2DMode":false,"pivot":{"x":-0.06501796841621399,"y":-4.446590423583984,"z":15.835599899291993},"rotation":{"x":0.16513216495513917,"y":0.008876321837306023,"z":-0.0014876971254125238,"w":0.9862378239631653},"size":12.340811729431153,"orthographic":false}