{"cameraMode":{"drawMode":0,"name":"Shaded","section":"Shading Mode"},"sceneLighting":true,"audioPlay":false,"sceneViewState":{"showFog":true,"showMaterialUpdate":false,"showSkybox":true,"showFlares":true,"showImageEffects":true,"showParticleSystems":true},"in2DMode":false,"pivot":{"x":3.4346790313720705,"y":-5.5244269371032719,"z":9.635135650634766},"rotation":{"x":0.6927582621574402,"y":-0.04746360704302788,"z":0.045792315155267718,"w":0.718157947063446},"size":20.154680252075197,"orthographic":false}