{"cameraMode":{"drawMode":0,"name":"Shaded","section":"Shading Mode"},"sceneLighting":true,"audioPlay":false,"sceneViewState":{"showFog":true,"showMaterialUpdate":false,"showSkybox":true,"showFlares":true,"showImageEffects":true,"showParticleSystems":true},"in2DMode":false,"pivot":{"x":-5.935642719268799,"y":-5.052605628967285,"z":5.946224212646484},"rotation":{"x":0.3052738308906555,"y":-0.3900699019432068,"z":0.1388605386018753,"w":0.8575377464294434},"size":13.059025764465332,"orthographic":false}