{"cameraMode":{"drawMode":0,"name":"Shaded","section":"Shading Mode"},"sceneLighting":false,"audioPlay":false,"sceneViewState":{"showFog":true,"showMaterialUpdate":false,"showSkybox":false,"showFlares":true,"showImageEffects":true,"showParticleSystems":true},"in2DMode":false,"pivot":{"x":-4.979250907897949,"y":4.175209045410156,"z":-4.7236328125},"rotation":{"x":0.07570930570363999,"y":0.8872573971748352,"z":-0.15733228623867036,"w":0.42695391178131106},"size":8.264623641967774,"orthographic":true}