{"cameraMode":{"drawMode":0,"name":"Shaded","section":"Shading Mode"},"sceneLighting":true,"audioPlay":false,"sceneViewState":{"showFog":true,"showMaterialUpdate":false,"showSkybox":true,"showFlares":true,"showImageEffects":true,"showParticleSystems":true},"in2DMode":false,"pivot":{"x":0.059999942779541019,"y":2.1500000953674318,"z":4.5567121505737309},"rotation":{"x":0.5840181708335877,"y":0.04742129519581795,"z":-0.0341997928917408,"w":0.8096407651901245},"size":10.862784385681153,"orthographic":false}