{"cameraMode":{"drawMode":0,"name":"Shaded","section":"Shading Mode"},"sceneLighting":false,"audioPlay":false,"sceneViewState":{"showFog":true,"showMaterialUpdate":false,"showSkybox":false,"showFlares":true,"showImageEffects":true,"showParticleSystems":true},"in2DMode":false,"pivot":{"x":0.1949477195739746,"y":0.806391716003418,"z":1.937416434288025},"rotation":{"x":0.19199742376804353,"y":-0.6675620079040527,"z":0.18432030081748963,"w":0.6953665018081665},"size":1.750861644744873,"orthographic":false}