{"cameraMode":{"drawMode":0,"name":"Shaded","section":"Shading Mode"},"sceneLighting":true,"audioPlay":false,"sceneViewState":{"showFog":true,"showMaterialUpdate":false,"showSkybox":true,"showFlares":true,"showImageEffects":true,"showParticleSystems":true},"in2DMode":false,"pivot":{"x":-1.7090044021606446,"y":9.912298202514649,"z":6.593345642089844},"rotation":{"x":0.26894935965538027,"y":-0.19761218130588532,"z":0.056481726467609408,"w":0.9409745931625366},"size":16.498306274414064,"orthographic":false}